feature,importance
avg_delay,0.23661778571095085
pay_sep,0.20586198183273793
num_delayed_months,0.16357978158007003
max_delay,0.14709980018704674
bill_ratio_aug,0.08539667450022846
bill_amt_sep,0.08393581121659427
pay_amt_sep,0.07935710951230293
limit_bal,0.07641102462839972
avg_bill_amt,0.0662763875084995
avg_pay_amt,0.05955344403236254
num_zero_pay,0.0488566906911716
pay_amt_aug,0.03989344465068293
bill_ratio_sep,0.029190767967078604
pay_amt_apr,0.02655958758188452
pay_amt_jul,0.02645239898505662
marriage,0.0261764239015629
pay_aug,0.02494979240232507
bill_amt_may,0.023721206555477187
education,0.022228026698777548
pay_amt_jun,0.021857943226446488
pay_ratio_may,0.01955327055668438
pay_ratio_sep,0.01895634421148057
pay_ratio_jul,0.017738266471341673
bill_ratio_jul,0.01682348139237711
bill_ratio_apr,0.015824396796349154
pay_ratio_aug,0.01544417289963774
delay_trend,0.013852511137711273
bill_amt_jul,0.010099712435395454
age,0.009757647268998413
pay_ratio_apr,0.00965841894547628
bill_amt_jun,0.009432936854301839
pay_jul,0.009403979233809994
bill_amt_aug,0.009121120146356632
limit_group,0.007207199007587555
bill_ratio_jun,0.007165285852839081
bill_amt_apr,0.006965775063647818
pay_ratio_jun,0.006176417540884177
bill_ratio_may,0.005617996518091689
has_negative_bill,0.004795220885116482
pay_jun,0.0039423653134049415
pay_amt_may,0.0036190554859415972
pay_may,0.00359302291603883
pay_apr,0.002308573289903746
age_group,0.0
