threshold,expected_cost
0.01,3500
0.0198989898989899,3500
0.029797979797979796,3500
0.039696969696969696,3500
0.049595959595959596,3500
0.059494949494949496,3500
0.06939393939393938,3500
0.07929292929292929,3500
0.08919191919191918,3500
0.09909090909090908,3498
0.10898989898989898,3490
0.11888888888888888,3474
0.12878787878787878,3425
0.1386868686868687,3381
0.1485858585858586,3338
0.15848484848484848,3276
0.16838383838383839,3215
0.1782828282828283,3161
0.18818181818181817,3077
0.19808080808080808,3019
0.207979797979798,2979
0.21787878787878787,2952
0.22777777777777777,2913
0.23767676767676768,2834
0.24757575757575756,2810
0.25747474747474747,2734
0.2673737373737374,2693
0.2772727272727273,2665
0.2871717171717172,2666
0.29707070707070704,2637
0.30696969696969695,2620
0.31686868686868686,2598
0.32676767676767676,2591
0.33666666666666667,2537
0.3465656565656566,2531
0.3564646464646465,2497
0.36636363636363634,2479
0.37626262626262624,2475
0.38616161616161615,2481
0.39606060606060606,2503
0.40595959595959596,2551
0.41585858585858587,2570
0.4257575757575757,2570
0.43565656565656563,2578
0.44555555555555554,2580
0.45545454545454545,2614
0.46535353535353535,2608
0.47525252525252526,2590
0.4851515151515151,2620
0.495050505050505,2665
0.5049494949494949,2661
0.5148484848484849,2658
0.5247474747474747,2682
0.5346464646464646,2687
0.5445454545454546,2686
0.5544444444444444,2678
0.5643434343434344,2694
0.5742424242424242,2722
0.5841414141414141,2744
0.594040404040404,2756
0.6039393939393939,2772
0.6138383838383838,2824
0.6237373737373737,2833
0.6336363636363637,2843
0.6435353535353535,2895
0.6534343434343434,2921
0.6633333333333333,2960
0.6732323232323232,3009
0.6831313131313131,3027
0.693030303030303,3091
0.702929292929293,3102
0.7128282828282828,3127
0.7227272727272727,3160
0.7326262626262626,3217
0.7425252525252525,3281
0.7524242424242424,3297
0.7623232323232323,3343
0.7722222222222221,3356
0.7821212121212121,3416
0.792020202020202,3448
0.8019191919191919,3481
0.8118181818181818,3529
0.8217171717171717,3589
0.8316161616161616,3628
0.8415151515151514,3663
0.8514141414141414,3778
0.8613131313131313,3891
0.8712121212121212,3999
0.8811111111111111,4081
0.891010101010101,4236
0.9009090909090909,4402
0.9108080808080807,4674
0.9207070707070707,4877
0.9306060606060605,4930
0.9405050505050505,4975
0.9504040404040404,4975
0.9603030303030302,4975
0.9702020202020202,4975
0.98010101010101,4975
0.99,4975
