pay_jun,total,defaults,default_rate,ci_lower_95,ci_upper_95
-2,2987,573,0.19183126883160362,0.1781103923598244,0.20634377368416346
-1,4021,654,0.1626461079333499,0.15156235858356737,0.17437382355988346
0,11540,2117,0.18344887348353553,0.1764931434865799,0.1906152817233438
1,2,1,0.5,0.09453120573423068,0.9054687942657693
2,2182,1145,0.5247479376718607,0.5037692468911653,0.5456396430190243
3,133,81,0.6090225563909775,0.5241464887832695,0.6877775892697074
4,47,31,0.6595744680851063,0.5167092456194193,0.7783255615622839
5,21,7,0.3333333333333333,0.1719475260508347,0.5462654802574476
6,2,1,0.5,0.09453120573423068,0.9054687942657693
7,38,30,0.7894736842105263,0.6365422052467259,0.8892520815700412
8,2,1,0.5,0.09453120573423068,0.9054687942657693
