group,total,defaults,default_rate,ci_lower_95,ci_upper_95,feature
0,13967,1617,0.11577289324837116,0.11057204029451957,0.12118504236684265,num_delayed_months
1,3046,921,0.30236375574523966,0.286310743263413,0.3189146377091573,num_delayed_months
2,1354,542,0.40029542097488924,0.374515479428561,0.42663950943553,num_delayed_months
3,814,428,0.5257985257985258,0.4914551909156823,0.5598995057031011,num_delayed_months
4,671,387,0.5767511177347243,0.539034798488472,0.6135936428346138,num_delayed_months
5,202,108,0.5346534653465347,0.46586306277687073,0.6021504466502814,num_delayed_months
6,921,638,0.6927252985884907,0.6621796684459259,0.7216699055693611,num_delayed_months
0,13967,1617,0.11577289324837116,0.11057204029451957,0.12118504236684265,max_delay
1,1161,295,0.2540913006029285,0.2298884040151642,0.27991613146377514,max_delay
2,5029,2212,0.439848876516206,0.42618129050937514,0.4536082866211223,max_delay
3,546,345,0.6318681318681318,0.5906233887039964,0.6712702857178137,max_delay
4,145,99,0.6827586206896552,0.6031253485406505,0.7529582347561774,max_delay
5,48,21,0.4375,0.3070126904065424,0.5772498258017222,max_delay
6,19,10,0.5263157894736842,0.31707809245113155,0.7267019483882042,max_delay
7,44,35,0.7954545454545454,0.6549942193889834,0.8884674692991871,max_delay
8,16,7,0.4375,0.23098652405492354,0.6682144360118811,max_delay
0,10848,1500,0.13827433628318583,0.1319065328425342,0.14489823529007465,num_zero_pay
1,3861,1128,0.29215229215229216,0.27802044258279596,0.3066973221428639,num_zero_pay
2,2352,804,0.34183673469387754,0.32293926434805376,0.3612500102678885,num_zero_pay
3,1338,417,0.3116591928251121,0.28741035149116767,0.33698640813574754,num_zero_pay
4,918,232,0.25272331154684097,0.2256815736978878,0.28182593135531375,num_zero_pay
5,687,192,0.2794759825327511,0.24721748926055626,0.3141869456770367,num_zero_pay
6,971,368,0.37899073120494337,0.3490098409824292,0.4099253193211864,num_zero_pay
"(-0.621, 0.0223]",5244,1104,0.21052631578947367,0.19970606957432788,0.2217703557667958,bill_ratio_sep_bin
"(0.0223, 0.32]",5244,853,0.16266209000762777,0.15292089692116895,0.1728971507919061,bill_ratio_sep_bin
"(0.32, 0.832]",5243,1306,0.24909403013541864,0.2375739256167546,0.26098153472083363,bill_ratio_sep_bin
"(0.832, 6.455]",5244,1378,0.2627765064836003,0.25104056728787383,0.2748597443882512,bill_ratio_sep_bin
"(-0.001, 0.0388]",5244,1492,0.28451563691838294,0.2724652995620795,0.29688144657459364,pay_ratio_sep_bin
"(0.0388, 0.0745]",5244,1082,0.20633104500381388,0.19559527410984764,0.21749675159853873,pay_ratio_sep_bin
"(0.0745, 0.628]",5243,1100,0.2098035475872592,0.19899671888564535,0.22103530916729308,pay_ratio_sep_bin
"(0.628, 11453.667]",5244,967,0.18440122044241036,0.17413722374707294,0.19512725842655007,pay_ratio_sep_bin
"(-1.5439999999999998, 0.0]",14242,2407,0.1690071619154613,0.1629418005130733,0.1752510309000265,delay_trend_bin
"(0.0, 0.143]",1893,426,0.22503961965134706,0.2067949711722676,0.24439796055160376,delay_trend_bin
"(0.143, 1.286]",4840,1808,0.37355371900826445,0.360030666348622,0.3872773307430084,delay_trend_bin
