pay_aug,total,defaults,default_rate,ci_lower_95,ci_upper_95
-2,2582,474,0.18357862122385749,0.16911968675763558,0.19897769043222266
-1,4240,686,0.16179245283018867,0.1510147809932004,0.1731824050164348
0,11052,1741,0.15752804922186028,0.15085539072663628,0.16443869808643924
1,16,4,0.25,0.10182067491213043,0.4949831653550878
2,2738,1529,0.5584368151935719,0.5397677160608493,0.5769421684478037
3,237,149,0.6286919831223629,0.5655853182212022,0.6876933336300738
4,68,35,0.5147058823529411,0.3983475330632514,0.6294915452743935
5,21,11,0.5238095238095238,0.3236953458284443,0.7165599389846583
6,8,6,0.75,0.40927543031016883,0.9285207872478909
7,13,6,0.46153846153846156,0.23206067809538303,0.70856204285494
