pay_may,total,defaults,default_rate,ci_lower_95,ci_upper_95
-2,3147,617,0.19605973943438196,0.18256286756967327,0.21029773014634034
-1,3895,658,0.16893453145057766,0.15749485282795384,0.18102659585385905
0,11879,2243,0.18882060779526896,0.18188375287066658,0.19595865749725613
2,1829,980,0.5358119190814653,0.5129050074580188,0.5585687140521272
3,122,76,0.6229508196721312,0.5344381181408694,0.7039570838946193
4,53,30,0.5660377358490566,0.43265351427607285,0.6904960344024971
5,8,4,0.5,0.2152160622138775,0.7847839377861225
6,3,2,0.6666666666666666,0.2076596008020477,0.9385080552796037
7,38,30,0.7894736842105263,0.6365422052467259,0.8892520815700412
8,1,1,1.0,0.2065493143772374,1.0
