pay_apr,total,defaults,default_rate,ci_lower_95,ci_upper_95
-2,3396,679,0.19994110718492344,0.18683179699289237,0.213728486571941
-1,4043,708,0.17511748701459312,0.16371198529637926,0.18713977731120646
0,11401,2154,0.1889307955442505,0.18185051901025304,0.19622062510774294
2,1936,969,0.5005165289256198,0.47826526370039957,0.5227657483912874
3,117,75,0.6410256410256411,0.5508968902261645,0.7221881943305005
4,27,16,0.5925925925925926,0.4072670096806468,0.7548524292560443
5,9,5,0.5555555555555556,0.26665129349549305,0.8112214789023355
6,13,8,0.6153846153846154,0.3552289151266569,0.8229029220223744
7,32,26,0.8125,0.6469084479862404,0.9111045531043405
8,1,1,1.0,0.2065493143772374,1.0
