pay_sep,total,defaults,default_rate,ci_lower_95,ci_upper_95
-2,1896,250,0.13185654008438819,0.11736898212545396,0.1478328622081507
-1,3973,682,0.1716586961993456,0.16025186847395956,0.1836998512474292
0,10338,1303,0.1260398529696266,0.11978065590859087,0.1325768637084523
1,2557,872,0.3410246382479468,0.32290107718670613,0.3596251498080728
2,1889,1302,0.6892535733192166,0.6680170322728416,0.7097219466934528
3,221,170,0.7692307692307693,0.7093676092006918,0.8198942121029129
4,54,40,0.7407407407407407,0.6106910949571831,0.8388134737397925
5,20,9,0.45,0.2581978582556242,0.6579146575496577
6,9,4,0.4444444444444444,0.18877852109766458,0.733348706504507
7,6,4,0.6666666666666666,0.29999331513839184,0.9032285888942195
8,12,5,0.4166666666666667,0.1932603136587565,0.6804886874504502
