pay_jul,total,defaults,default_rate,ci_lower_95,ci_upper_95
-2,2801,523,0.1867190289182435,0.17272027474480406,0.20157591070237763
-1,4152,670,0.1613680154142582,0.15049224203683964,0.17286981884457736
0,11091,1909,0.17212153998737714,0.16521008298616385,0.17926004513650778
1,3,1,0.3333333333333333,0.06149194472039626,0.7923403991979523
2,2670,1385,0.5187265917602997,0.4997611739311951,0.537638201289842
3,157,94,0.5987261146496815,0.5205813242382572,0.6721550524851022
4,56,32,0.5714285714285714,0.4413762073081303,0.6923103731606176
5,14,8,0.5714285714285714,0.3259064457965074,0.7861920109552588
6,15,7,0.4666666666666667,0.24809535365737387,0.698830199745016
7,13,10,0.7692307692307693,0.497436240532725,0.9182047128150144
8,3,2,0.6666666666666666,0.2076596008020477,0.9385080552796037
